ลำดับ,รหัสสินค้า,ชื่อรุ่นสินค้า,ชิปเซ็ต,หน่วยความจำ (VRAM),ราคา,ลิงก์สินค้า,TDP (W)
1,JIB-VGA-10001,VGA (MSI) MSI GEFORCE RTX 5080 16G GAMING TRIO OC - 16GB GDDR7,NVIDIA,16 GB GDDR7,"60,900",https://www.jib.co.th/web/product/readProduct/73951/2988/VGA--%E0%B8%81%E0%B8%B2%E0%B8%A3%E0%B9%8C%E0%B8%94%E0%B9%81%E0%B8%AA%E0%B8%94%E0%B8%87%E0%B8%9C%E0%B8%A5--MSI-GEFORCE-RTX-5080-16G-GAMING-TRIO-OC---16GB-GDDR7?srsltid=AU7gw4Xix2knP76D_X5pFRhHeTcBwWolbml8fQyrGHLHHKA-HMmtXf9d,360
2,JIB-VGA-10002,VGA (GALAX) GALAX GEFORCE RTX 5070 1-CLICK OC - 12GB GDDR7,NVIDIA,12 GB GDDR7,"31,490",https://www.jib.co.th/web/product/readProduct/74866/51/VGA--%E0%B8%81%E0%B8%B2%E0%B8%A3%E0%B9%8C%E0%B8%94%E0%B9%81%E0%B8%AA%E0%B8%94%E0%B8%87%E0%B8%9C%E0%B8%A5--GALAX-GEFORCE-RTX-5070-1-CLICK-OC---12GB-GDDR7?srsltid=AU7gw4WGa16-TqwPcApQ2oltBwnQTbZ4OKnEO2bUyMEUHoZfiWfAnMCJ,250
3,JIB-VGA-10003,VGA (ASROCK) ASROCK AMD RADEON RX 9070 XT STEEL LEGEND 16GB - 16GB GDDR6 ,AMD,16 GB GDDR6,"26,490",https://www.jib.co.th/web/product/readProduct/74908/VGA--%E0%B8%81%E0%B8%B2%E0%B8%A3%E0%B9%8C%E0%B8%94%E0%B9%81%E0%B8%AA%E0%B8%94%E0%B8%87%E0%B8%9C%E0%B8%A5--ASROCK-AMD-RADEON-RX-9070-XT-STEEL-LEGEND-16GB---16GB-GDDR6--RX9070XT-SL-16G-?srsltid=AU7gw4U-Wcm7QFvyVbRlCij7peE4Tdf2HemDKK6cYY-72s_h5B3eA6Bg,304
4,JIB-VGA-10004,VGA (ASUS) ASUS PRIME GEFORCE RTX 5070 TI 16GB GDDR7 OC EDITION,NVIDIA,16 GB GDDR7,"44,900",https://www.jib.co.th/web/product/readProduct/74541/51/VGA--%E0%B8%81%E0%B8%B2%E0%B8%A3%E0%B9%8C%E0%B8%94%E0%B9%81%E0%B8%AA%E0%B8%94%E0%B8%87%E0%B8%9C%E0%B8%A5--ASUS-PRIME-GEFORCE-RTX-5070-TI-16GB-GDDR7-OC-EDITION--PRIME-RTX5070TI-O16G-?srsltid=AU7gw4UcDasMe3T7UyR5y0SbtFgX_N4-wv0nQU2bTqj2jWX29H4sK3LC,300
5,JIB-VGA-10005,VGA (ASUS) ASUS DUAL GEFORCE RTX 3050 OC EDITION 6GB GDDR6,NVIDIA ,6 GB GDDR6,"7,790",https://www.jib.co.th/web/product/readProduct/68047/2115/VGA--%E0%B8%81%E0%B8%B2%E0%B8%A3%E0%B9%8C%E0%B8%94%E0%B9%81%E0%B8%AA%E0%B8%94%E0%B8%87%E0%B8%9C%E0%B8%A5--ASUS-DUAL-GEFORCE-RTX-3050-OC-EDITION-6GB-GDDR6--DUAL-RTX3050-O6G-?srsltid=AU7gw4WrOAXQN4sZSxPdxwCCMEMD00ArqXydMM5ylFTtjhgzbwcLXTlR,70
6,JIB-VGA-10006,VGA (ZOTAC) ZOTAC GAMING GEFORCE RTX 5060 TI 16GB TWIN EDGE - 16GB GDDR7,NVIDIA,16 GB GDDR7,19300,https://www.jib.co.th/web/product/readProduct/76631/VGA--%E0%B8%81%E0%B8%B2%E0%B8%A3%E0%B9%8C%E0%B8%94%E0%B9%81%E0%B8%AA%E0%B8%94%E0%B8%87%E0%B8%9C%E0%B8%A5--ZOTAC-GAMING-GEFORCE-RTX-5060-TI-16GB-TWIN-EDGE---16GB-GDDR7--ZT-B50620E-10M-?srsltid=AU7gw4UHwpizEXI2E5B62K5MFSoRJW3SbbS4_Eqg4sVTfgoK2VfiiRDV,180
7,JIB-VGA-10007,VGA (ASUS) ASUS TUF GAMING RADEON RX 7800 XT OC EDITION 16GB GDDR6 ,AMD,16 GB GDDR6,"21,600",https://www.jib.co.th/web/product/readProduct/62606/ASUS-TUF-GAMING-RADEON-RX-7800-XT-OC-EDITION-16GB-GDDR6--TUF-RX7800XT-O16G-GAMING-?srsltid=AU7gw4X1n-R9bSaLjqrLr45KzVjRbjlxxHl7N-mfoc_NqUASbcDcyi4h,263
8,JIB-VGA-10008,VGA (GALAX) GALAX GEFORCE RTX 5060 1-CLICK OC - 8GB GDDR7,NVIDIA,8 GB GDDR7,"14,400",https://www.jib.co.th/web/product/readProduct/77418/2988/VGA--%E0%B8%81%E0%B8%B2%E0%B8%A3%E0%B9%8C%E0%B8%94%E0%B9%81%E0%B8%AA%E0%B8%94%E0%B8%87%E0%B8%9C%E0%B8%A5--GALAX-GEFORCE-RTX-5060-1-CLICK-OC---8GB-GDDR7?srsltid=AU7gw4X7b_jjRwYeGJXdpyUu_a4n5P03OX0EswUkBbPXo-TBPU3kbVDz,145
9,JIB-VGA-10009,VGA (GIGABYTE) GIGABYTE GEFORCE RTX 5070 TI WINDFORCE OC SFF 16G - 16GB GDDR7,NVIDIA,16 GB GDDR7,"42,400",https://www.jib.co.th/web/product/readProduct/74547/VGA--%E0%B8%81%E0%B8%B2%E0%B8%A3%E0%B9%8C%E0%B8%94%E0%B9%81%E0%B8%AA%E0%B8%94%E0%B8%87%E0%B8%9C%E0%B8%A5--GIGABYTE-GEFORCE-RTX-5070-TI-WINDFORCE-OC-SFF-16G---16GB-GDDR7?srsltid=AU7gw4UpkLaY8qEDVufZ60JqwKQIXFQ_X_ktevllwGFrHC8qxRCghhNj,300
10,JIB-VGA-10010,VGA (MSI) MSI GEFORCE RTX 4070 SUPER 12G GAMING X SLIM - 12GB GDDR6X,NVIDIA,12 GB GDDR6X,"24,800",https://www.jib.co.th/web/product/readProduct/64877/MSI-GEFORCE-RTX-4070-SUPER-12G-GAMING-X-SLIM---12GB-GDDR6X?srsltid=AU7gw4WRPYcsiP2TGdsXtijg3WbbpmoGaiaK0LIQMoYhdl4glJzze0yA,220
11,JIB-VGA-10012,VGA (PCF) POWERCOLOR FIGHTER AMD RADEON RX 7600 8GB GDDR6,AMD,8 GB GDDR6,"8,990",https://www.jib.co.th/web/product/readProduct/77537/51/VGA--%E0%B8%81%E0%B8%B2%E0%B8%A3%E0%B9%8C%E0%B8%94%E0%B9%81%E0%B8%AA%E0%B8%94%E0%B8%87%E0%B8%9C%E0%B8%A5--POWERCOLOR-FIGHTER-AMD-RADEON-RX-7600-8GB-GDDR6--RX7600-8G-F-V2-?srsltid=AU7gw4UdAOPH0FCc5zaYcQTZm_JvvnzrXnZ_fdy1t3twGTE3D1qldPlS,165
12,JIB-VGA-10014,VGA (ASUS) ASUS DUAL GEFORCE RTX 5050 8GB GDDR6 OC EDITION,NVIDIA,8GB GDDR6,"9,590",https://www.jib.co.th/web/product/readProduct/78434/ASUS-DUAL-GEFORCE-RTX-5050-8GB-GDDR6-OC-EDITION,130
13,JIB-VGA-10015,VGA (MSI) MSI GEFORCE RTX 5080 16G VANGUARD SOC LAUNCH EDITION - 16GB GDDR7,NVIDIA,16 GB GDDR7,"51,551",https://www.jib.co.th/web/product/readProduct/73980/VGA--%E0%B8%81%E0%B8%B2%E0%B8%A3%E0%B9%8C%E0%B8%94%E0%B9%81%E0%B8%AA%E0%B8%94%E0%B8%87%E0%B8%9C%E0%B8%A5--MSI-GEFORCE-RTX-5080-16G-VANGUARD-SOC-LAUNCH-EDITION---16GB-GDDR7?srsltid=AU7gw4UExDup_RCR3wTEP4lOO529Vr4Nf0B_f1zAIqUCaFr4STvUh4QT,360
14,JIB-VGA-10017,VGA (MSI) MSI GEFORCE RTX 4060 TI GAMING X SLIM 8G - 8GB GDDR6,NVIDIA,8 GB GDDR6,"15,200",https://www.jib.co.th/web/product/readProduct/67823/MSI-GEFORCE-RTX-4060-TI-GAMING-X-SLIM-8G---8GB-GDDR6?srsltid=AU7gw4XqLGup7-ysGU8dCBc-ypdGPz_L0FFwBF63bVIlmyvorZXFODnU,160
15,JIB-VGA-10018,VGA (GIGABYTE) GIGABYTE GEFORCE RTX 5070 WINDFORCE OC SFF 12G - 12GB GDDR7,NVIDIA,12 GB GDDR7,"32,490",https://www.jib.co.th/web/product/readProduct/74871/51/VGA--%E0%B8%81%E0%B8%B2%E0%B8%A3%E0%B9%8C%E0%B8%94%E0%B9%81%E0%B8%AA%E0%B8%94%E0%B8%87%E0%B8%9C%E0%B8%A5--GIGABYTE-GEFORCE-RTX-5070-WINDFORCE-OC-SFF-12G---12GB-GDDR7?srsltid=AU7gw4X05xBu61d7Hsv15ZovwdE0MW6aZTC-OSXWnQn3r8QqbHYEmr5l,250
16,JIB-VGA-10019,VGA (ASUS) ASUS PRIME RADEON RX 9070 OC EDITION 16GB GDDR6,AMD,16 GB GDDR6,"22,990",https://www.jib.co.th/web/product/readProduct/74891/3009/VGA--%E0%B8%81%E0%B8%B2%E0%B8%A3%E0%B9%8C%E0%B8%94%E0%B9%81%E0%B8%AA%E0%B8%94%E0%B8%87%E0%B8%9C%E0%B8%A5--ASUS-PRIME-RADEON-RX-9070-OC-EDITION-16GB-GDDR6--PRIME-RX9070-O16G-?srsltid=AU7gw4VcuX0izQiyOMldiTBgJ5CHoWVPiVKIrnFr5uptKqKnY89bKqb4,220
17,JIB-VGA-10020,VGA (ASROCK) ASROCK AMD RADEON RX 9070 XT STEEL LEGEND 16GB - 16GB GDDR6,AMD,16 GB GDDR6,"25,990",https://www.jib.co.th/web/product/readProduct/74908/3009/VGA--%E0%B8%81%E0%B8%B2%E0%B8%A3%E0%B9%8C%E0%B8%94%E0%B9%81%E0%B8%AA%E0%B8%94%E0%B8%87%E0%B8%9C%E0%B8%A5--ASROCK-AMD-RADEON-RX-9070-XT-STEEL-LEGEND-16GB---16GB-GDDR6--RX9070XT-SL-16G-?srsltid=AU7gw4W_eWrdb2SgELvGnm2PyxZIFe_clB_spMeyI2HTDeTvF5BJWRBc,304
18,JIB-VGA-10021,VGA (GALAX) GALAX GEFORCE RTX 5070 1-CLICK OC - 12GB GDDR7,NVIDIA,12 GB GDDR7,"31,500",https://www.jib.co.th/web/product/readProduct/74866/51/VGA--%E0%B8%81%E0%B8%B2%E0%B8%A3%E0%B9%8C%E0%B8%94%E0%B9%81%E0%B8%AA%E0%B8%94%E0%B8%87%E0%B8%9C%E0%B8%A5--GALAX-GEFORCE-RTX-5070-1-CLICK-OC---12GB-GDDR7?srsltid=AU7gw4XjaefaiKjuen605OALeBRU54VI6K12SjrQwVNhRCDiqSNazldS,250
19,JIB-VGA-10022,VGA (ASROCK) ASROCK AMD RADEON RX 7600 STEEL LEGEND 8GB OC - 8GB GDDR6,AMD,8 GB GDDR6,"11,000",https://www.jib.co.th/web/product/readProduct/63130/VGA--%E0%B8%81%E0%B8%B2%E0%B8%A3%E0%B9%8C%E0%B8%94%E0%B9%81%E0%B8%AA%E0%B8%94%E0%B8%87%E0%B8%9C%E0%B8%A5--ASROCK-AMD-RADEON-RX-7600-STEEL-LEGEND-8GB-OC---8GB-GDDR6--RX7600-SL-8GO-?srsltid=AU7gw4VptmClxpI9lumZW7OUNRnkifk5uL0kRJSAOpmyeEsNMsY_FHrK,165
20,JIB-VGA-10023,VGA (GIGABYTE) GIGABYTE RADEON RX 9070 GAMING OC 16G - 16GB GDDR6,AMD,16 GB GDDR6,"22,900",https://www.jib.co.th/web/product/readProduct/74939/3009/VGA--%E0%B8%81%E0%B8%B2%E0%B8%A3%E0%B9%8C%E0%B8%94%E0%B9%81%E0%B8%AA%E0%B8%94%E0%B8%87%E0%B8%9C%E0%B8%A5--GIGABYTE-RADEON-RX-9070-GAMING-OC-16G---16GB-GDDR6--GV-R9070GAMING-OC-16GD-?srsltid=AU7gw4WEHiH1vo9sPCLRQtM8EhNodgmJkWvxTruaGTlMTg7PVpvzd3lK,220
21,JIB-VGA-10024,VGA (ASUS) ASUS DUAL GEFORCE RTX 5060 TI 16GB GDDR7 OC EDITION,NVIDIA,16 GB GDDR7,"25,900",https://www.jib.co.th/web/product/readProduct/75999/51/VGA--%E0%B8%81%E0%B8%B2%E0%B8%A3%E0%B9%8C%E0%B8%94%E0%B9%81%E0%B8%AA%E0%B8%94%E0%B8%87%E0%B8%9C%E0%B8%A5--ASUS-DUAL-GEFORCE-RTX-5060-TI-16GB-GDDR7-OC-EDITION--DUAL-RTX5060TI-O16G-?srsltid=AU7gw4U288CASuJCklkFGlg8nEUOgpir9DT_gP8ESo4OKHW47I_6dvaB,180
22,JIB-VGA-10025,VGA (MSI) MSI GEFORCE RTX 4060 TI VENTUS 2X BLACK 8G OC - 8GB GDDR6,NVIDIA,8 GB GDDR6,"12,900",https://www.jib.co.th/web/product/readProduct/59798/MSI-GEFORCE-RTX-4060-TI-VENTUS-2X-BLACK-8G-OC---8GB-GDDR6?srsltid=AU7gw4VKah3Be0yShCI_rwcU-4LDl3Nyf8jtwHWkNlQ2nRXsfIRc4Psg,160
23,JIB-VGA-10026,VGA (GIGABYTE) GIGABYTE RADEON RX 7600 GAMING OC 8G - 8GB GDDR6,AMD,8 GB GDDR6,"8,990",https://www.jib.co.th/web/product/readProduct/59857/VGA--%E0%B8%81%E0%B8%B2%E0%B8%A3%E0%B9%8C%E0%B8%94%E0%B9%81%E0%B8%AA%E0%B8%94%E0%B8%87%E0%B8%9C%E0%B8%A5--GIGABYTE-RADEON-RX-7600-GAMING-OC-8G---8GB-GDDR6?srsltid=AU7gw4XW8lKRMrGacs7tsT-wBNzAOQprnRqOOGVZbhH_vR8hxvMPIUej,165
24,JIB-VGA-10028,VGA (GIGABYTE) GIGABYTE RADEON RX 7600 GAMING OC 8G (REV. 1.1) - 8GB GDDR6,AMD,8 GB GDDR6,"8,990",https://www.jib.co.th/web/product/readProduct/77942/2629/VGA--%E0%B8%81%E0%B8%B2%E0%B8%A3%E0%B9%8C%E0%B8%94%E0%B9%81%E0%B8%AA%E0%B8%94%E0%B8%87%E0%B8%9C%E0%B8%A5--GIGABYTE-RADEON-RX-7600-GAMING-OC-8G--REV--1-1----8GB-GDDR6--GV-R76GAMING-OC-8GD-?srsltid=AU7gw4XGUSP4XJxdrKLSnbQBrThX8qr4V0IjFtjfTy6PanbJxtvCVsuk,165
25,JIB-VGA-10029,VGA (GIGABYTE) GIGABYTE GEFORCE RTX 5060 TI WINDFORCE 8G - 8GB GDDR7,NVIDIA,8 GB GDDR7,"18,370",https://www.jib.co.th/web/product/readProduct/76382/VGA--%E0%B8%81%E0%B8%B2%E0%B8%A3%E0%B9%8C%E0%B8%94%E0%B9%81%E0%B8%AA%E0%B8%94%E0%B8%87%E0%B8%9C%E0%B8%A5--GIGABYTE-GEFORCE-RTX-5060-TI-WINDFORCE-8G---8GB-GDDR7?srsltid=AU7gw4XEgSfXsz9BLIP299BY8EMzTwK2pcZA-7a5cNr__YPxlU_f7aMg,180
26,JIB-VGA-10030,VGA (ASROCK) ASROCK AMD RADEON RX 9060 XT STEEL LEGEND 16GB OC - 16GB GDDR6,AMD,16 GB GDDR6,"15,900",https://www.jib.co.th/web/product/readProduct/77426/3009/VGA--%E0%B8%81%E0%B8%B2%E0%B8%A3%E0%B9%8C%E0%B8%94%E0%B9%81%E0%B8%AA%E0%B8%94%E0%B8%87%E0%B8%9C%E0%B8%A5--ASROCK-AMD-RADEON-RX-9060-XT-STEEL-LEGEND-16GB-OC---16GB-GDDR6--RX9060XT-SL-16GO-?srsltid=AU7gw4VT-toGui7NtsINOscysr9IuMZXbKZby5Ml0J33QUyXNd5oaF-O,182
27,JIB-VGA-10031,VGA (ZOTAC) ZOTAC GAMING GEFORCE RTX 4070 SUPER TWIN EDGE OC WHITE EDITION 12GB GDDR6X,NVIDIA,12 GB GDDR6X,"28,900",https://www.jib.co.th/web/product/readProduct/74685/VGA--%E0%B8%81%E0%B8%B2%E0%B8%A3%E0%B9%8C%E0%B8%94%E0%B9%81%E0%B8%AA%E0%B8%94%E0%B8%87%E0%B8%9C%E0%B8%A5--ZOTAC-GAMING-GEFORCE-RTX-4070-SUPER-TWIN-EDGE-OC-WHITE-EDITION-12GB-GDDR6X--ZT-D40720Q-10M-?srsltid=AU7gw4WM5lnv55C2ZY8XaGBN38f0S5gNR5iWRhsIV5ww6mWeZlKnuJ8H,220
28,JIB-VGA-10032,VGA (INNO3D) INNO3D GEFORCE RTX 5070 TI X3 - 16GB GDDR7 N507T3-16D7-176068N,NVIDIA,16 GB GDDR7,"39,990",https://www.jib.co.th/web/product/readProduct/82097/51/VGA--%E0%B8%81%E0%B8%B2%E0%B8%A3%E0%B9%8C%E0%B8%94%E0%B9%81%E0%B8%AA%E0%B8%94%E0%B8%87%E0%B8%9C%E0%B8%A5--INNO3D-GEFORCE-RTX-5070-TI-X3---16GB-GDDR7-N507T3-16D7-176068N?srsltid=AU7gw4XneM0gCiN1BbSaPjx6xIQSTrCaEOBwCnpBlhFNOIu8jDvSg-jv,300
29,JIB-VGA-10033,VGA (NVIDIA) NVIDIA RTX PRO 4000 BLACKWELL - 24GB GDDR7 WITH ECC,NVIDIA,24GB GDDR7,"108,000",https://www.jib.co.th/web/product/readProduct/82228/NVIDIA-RTX-PRO-4000-BLACKWELL---24GB-GDDR7-WITH-ECC,140
30,JIB-VGA-10034,VGA (SAPPHIRE) SAPPHIRE PULSE AMD RADEON RX 9070 XT GPU - 16GB GDDR6,AMD,16 GB GDDR6,"26,400",https://www.jib.co.th/web/product/readProduct/74899/3009/VGA--%E0%B8%81%E0%B8%B2%E0%B8%A3%E0%B9%8C%E0%B8%94%E0%B9%81%E0%B8%AA%E0%B8%94%E0%B8%87%E0%B8%9C%E0%B8%A5--SAPPHIRE-PULSE-AMD-RADEON-RX-9070-XT-GPU---16GB-GDDR6?srsltid=AU7gw4UtPN6Lekg9e-Nyvb8P-5HTJZTqhkU9GA6GauiRNAKync9l5W4C,304
31,JIB-VGA-10036,VGA (GALAX) GALAX GEFORCE RTX 3050 6GB EX WHITE (A76D) - 6GB GDDR6 35NRLDHPAZTE,NVIDIA,6 GB GDDR6,"9,990",https://www.jib.co.th/web/product/readProduct/81847/2115/VGA--%E0%B8%81%E0%B8%B2%E0%B8%A3%E0%B9%8C%E0%B8%94%E0%B9%81%E0%B8%AA%E0%B8%94%E0%B8%87%E0%B8%9C%E0%B8%A5--GALAX-GEFORCE-RTX-3050-6GB-EX-WHITE--A76D----6GB-GDDR6-35NRLDHPAZTE?srsltid=AU7gw4UDBTUy_1fo767BELvVn3aBlaTlodjAMdGbE5Y1DJcz_jVzQFWD,70
32,JIB-VGA-10038,VGA (SAPPHIRE) SAPPHIRE NITRO+ AMD RADEON RX 7800 XT 16GB - 16GB GDDR6,AMD,16 GB GDDR6,"19,200",https://www.jib.co.th/web/product/readProduct/62759/42/VGA--%E0%B8%81%E0%B8%B2%E0%B8%A3%E0%B9%8C%E0%B8%94%E0%B9%81%E0%B8%AA%E0%B8%94%E0%B8%87%E0%B8%9C%E0%B8%A5--SAPPHIRE-NITRO--AMD-RADEON-RX-7800-XT-16GB---16GB-GDDR6?srsltid=AU7gw4Xxp_5Yo9KhWpiZhjH_C3k5LUIJNaTZnW8qlsoAsiMRST3sC5q6,266
33,JIB-VGA-10039,VGA (GALAX) GALAX GEFORCE RTX 4060 TI 8GB 1-CLICK OC - 8GB GDDR6,NVIDIA,8 GB GDDR6,"15,500",https://www.jib.co.th/web/product/readProduct/59808/VGA--%E0%B8%81%E0%B8%B2%E0%B8%A3%E0%B9%8C%E0%B8%94%E0%B9%81%E0%B8%AA%E0%B8%94%E0%B8%87%E0%B8%9C%E0%B8%A5--GALAX-GEFORCE-RTX-4060-TI-8GB-1-CLICK-OC---8GB-GDDR6?srsltid=AU7gw4W75Qn_PlHku8CCsHuHPyLHdf1JUr2nuFM07EwJK2VumJT8DyP2,160
34,JIB-VGA-10040,VGA (ASUS) ASUS DUAL RADEON RX 9060 XT 16GB GDDR6,AMD,16 GB GDDR6,"23,990",https://www.jib.co.th/web/product/readProduct/87358/51/VGA--%E0%B8%81%E0%B8%B2%E0%B8%A3%E0%B9%8C%E0%B8%94%E0%B9%81%E0%B8%AA%E0%B8%94%E0%B8%87%E0%B8%9C%E0%B8%A5--ASUS-DUAL-RADEON-RX-9060-XT-16GB-GDDR6?srsltid=AU7gw4X2w1kDXyfSzFpuW8mtEq2n3ny6_GGdXYdutrb500FVMosG0gqy,182
35,JIB-VGA-10041,VGA (GIGABYTE) GIGABYTE GEFORCE RTX 3050 WINDFORCE OC 6G - 6GB GDDR6,NVIDIA,6 GB GDDR6,"7,490",https://www.jib.co.th/web/product/readProduct/66808/VGA--%E0%B8%81%E0%B8%B2%E0%B8%A3%E0%B9%8C%E0%B8%94%E0%B9%81%E0%B8%AA%E0%B8%94%E0%B8%87%E0%B8%9C%E0%B8%A5--GIGABYTE-GEFORCE-RTX-3050-WINDFORCE-OC-6G---6GB-GDDR6--GV-N3050WF2OC-6GD-?srsltid=AU7gw4Wyyo8IoMSTSGZTQ5GBChBPhPkgxFONeocEb_zEQFRG4lflxsRK,70
36,JIB-VGA-10042,VGA (SAPPHIRE) SAPPHIRE PURE AMD RADEON RX 7700 XT 12GB - 12GB GDDR6 (WHITE),AMD,12 GB GDDR6,"17,300",https://www.jib.co.th/web/product/readProduct/74052/2629/VGA--%E0%B8%81%E0%B8%B2%E0%B8%A3%E0%B9%8C%E0%B8%94%E0%B9%81%E0%B8%AA%E0%B8%94%E0%B8%87%E0%B8%9C%E0%B8%A5--SAPPHIRE-PURE-AMD-RADEON-RX-7700-XT-12GB---12GB-GDDR6--WHITE-?srsltid=AU7gw4WOQZ2QMkh92hCqTISB7XRpDYlJhckqhOGm1o1d8xXO8bFhtPD4,245
37,JIB-VGA-10043,VGA (ASUS) ASUS TUF GAMING GEFORCE RTX 5090 32GB GDDR7 OC EDITION,NVIDIA,32GB GDDR7,"199,990",https://www.jib.co.th/web/product/readProduct/76514/ASUS-TUF-GAMING-GEFORCE-RTX-5090-32GB-GDDR7-OC-EDITION,575
38,JIB-VGA-10044,VGA (ASUS) ASUS PRIME RADEON RX 9070 XT OC EDITION 16GB GDDR6,AMD,16 GB GDDR6,"26,600",https://www.jib.co.th/web/product/readProduct/74915/51/VGA--%E0%B8%81%E0%B8%B2%E0%B8%A3%E0%B9%8C%E0%B8%94%E0%B9%81%E0%B8%AA%E0%B8%94%E0%B8%87%E0%B8%9C%E0%B8%A5--ASUS-PRIME-RADEON-RX-9070-XT-OC-EDITION-16GB-GDDR6--PRIME-RX9070XT-O16G-?srsltid=AU7gw4W-Xy7oOCyu5QQXPrNIyYlJqU0BlCVaVc_ULg8NjmrVkcsK3EY0,304
39,JIB-VGA-10045,VGA (ASUS) ASUS PRIME GEFORCE RTX 5070 TI 16GB GDDR7 OC EDITION,NVIDIA,16 GB GDDR7,41900,https://www.jib.co.th/web/product/readProduct/74541/51/VGA--%E0%B8%81%E0%B8%B2%E0%B8%A3%E0%B9%8C%E0%B8%94%E0%B9%81%E0%B8%AA%E0%B8%94%E0%B8%87%E0%B8%9C%E0%B8%A5--ASUS-PRIME-GEFORCE-RTX-5070-TI-16GB-GDDR7-OC-EDITION--PRIME-RTX5070TI-O16G-?srsltid=AU7gw4XoiDwQ4KCk2KU8CwRtK7Ch51zYhc5auKGeLL0MpcfqXrglAQ_2,300
40,JIB-VGA-10046,VGA (GALAX) GALAX GEFORCE RTX 5080 1-CLICK OC - 16GB GDDR7,NVIDIA,16 GB GDDR7,"59,900",https://www.jib.co.th/web/product/readProduct/73908/2988/VGA--%E0%B8%81%E0%B8%B2%E0%B8%A3%E0%B9%8C%E0%B8%94%E0%B9%81%E0%B8%AA%E0%B8%94%E0%B8%87%E0%B8%9C%E0%B8%A5--GALAX-GEFORCE-RTX-5080-1-CLICK-OC---16GB-GDDR7?srsltid=AU7gw4VnYyaxaO8mTbgeu0K5dCwWp02qvams6r6CjW3CinXNY96jzebe,360
41,JIB-VGA-10049,VGA (GIGABYTE) GIGABYTE GEFORCE RTX 5070 GAMING OC 12G - 12GB GDDR7,NVIDIA,12 GB GDDR7,"31,200",https://www.jib.co.th/web/product/readProduct/74869/51/VGA--%E0%B8%81%E0%B8%B2%E0%B8%A3%E0%B9%8C%E0%B8%94%E0%B9%81%E0%B8%AA%E0%B8%94%E0%B8%87%E0%B8%9C%E0%B8%A5--GIGABYTE-GEFORCE-RTX-5070-GAMING-OC-12G---12GB-GDDR7?srsltid=AU7gw4Vw9MCtoMIaYui-lpozpQir6c7hWCHzLYkzA1LzfSwiZDesr003,250
42,JIB-VGA-10050,VGA (GIGABYTE) GIGABYTE GEFORCE RTX 5060 WINDFORCE MAX OC 8G - 8GB GDDR7,NVIDIA,8 GB GDDR7,"15,900",https://www.jib.co.th/web/product/readProduct/82934/2988/VGA--%E0%B8%81%E0%B8%B2%E0%B8%A3%E0%B9%8C%E0%B8%94%E0%B9%81%E0%B8%AA%E0%B8%94%E0%B8%87%E0%B8%9C%E0%B8%A5--GIGABYTE-GEFORCE-RTX-5060-WINDFORCE-MAX-OC-8G---8GB-GDDR7?srsltid=AU7gw4X1vf6I8nwBiKRuHnH9m9qobqgVFjFPUt7Kc_6vohMQ9a58q7fA,145
