อันดับ,รุ่นสินค้า,ประเภท,ความจุ,ราคา (บาท),Sold (สะสม),Source URL
1,WD Blue WD10EZEX,HDD,1TB,"3,490 ฿","19,938",https://www.jib.co.th/web/product/readProduct/12280
2,Seagate BarraCuda ST2000DM008,HDD,2TB,"4,590 ฿","3,044",https://www.jib.co.th/web/product/readProduct/31940
3,WD Blue WD20EZBX,HDD,2TB,"4,990 ฿","1,825",https://www.jib.co.th/web/product/readProduct/0000046825
4,Samsung 870 EVO MZ-77E500BW,SATA SSD,500GB,"6,790 ฿","1,129",https://www.jib.co.th/web/product/readProduct/45272
5,WD Purple WD10PURZ,HDD,1TB,"3,550 ฿","1,061",https://www.jib.co.th/web/product/readProduct/25971
6,WD Black SN850X WDS100T2X0E,M.2 NVMe,1TB,"6,190 ฿",610,https://www.jib.co.th/web/product/readProduct/0000055937
7,Samsung 990 PRO MZ-V9P1T0BW,M.2 NVMe,1TB,"8,290 ฿",517,https://www.jib.co.th/web/product/readProduct/0000061609
8,WD Black SN7100 WDS100T4X0E,M.2 NVMe,1TB,"6,190 ฿",456,https://www.jib.co.th/web/product/readProduct/74479
9,Samsung 990 PRO MZ-V9P2T0BW,M.2 NVMe,2TB,"19,900 ฿",445,https://www.jib.co.th/web/product/readProduct/61614
10,HIKSEMI FUTURE 1024G,M.2 NVMe,1TB,"5,890 ฿",408,https://www.jib.co.th/web/product/readProduct/58596
11,Kingston NV3 SNV3S/1000G,M.2 NVMe,1TB,"5,190 ฿",387,https://www.jib.co.th/web/product/readProduct/70439
12,HIKSEMI FUTURE 2048G,M.2 NVMe,2TB,"7,990 ฿",382,https://www.jib.co.th/web/product/readProduct/58597
13,WD Black SN850X WDS200T2X0E,M.2 NVMe,2TB,"8,990 ฿",345,https://www.jib.co.th/web/product/readProduct/0000060771
14,WD Blue SN5000 1TB,M.2 NVMe,1TB,"3,990 ฿",341,https://www.jib.co.th/web/product/readProduct/72814
15,Seagate IronWolf ST4000VN006,HDD / NAS,4TB,"8,490 ฿",310,https://www.jib.co.th/web/product/readProduct/0000055167
16,WD Blue SA510,SATA SSD,250GB,"2,190 ฿",302,https://www.jib.co.th/web/product/readProduct/54120
17,WD Purple WD23PURZ,HDD,2TB,"4,590 ฿",256,https://www.jib.co.th/web/product/readProduct/0000060270
18,WD Black SN7100 WDS200T4X0E,M.2 NVMe,2TB,"8,990 ฿",219,https://www.jib.co.th/web/product/readProduct/74480
19,HIKSEMI WAVE(P) 256G,M.2 NVMe,256GB,"1,560 ฿",177,https://www.jib.co.th/web/product/readProduct/0000059275
20,HIKSEMI WAVE(S) 512G,SATA SSD,512GB,"2,690 ฿",173,https://www.jib.co.th/web/product/readProduct/0000059117
21,WD Purple WD64PURZ,HDD,6TB,"11,900 ฿",172,https://www.jib.co.th/web/product/readProduct/60772
22,WD Black SN850X Heatsink,M.2 NVMe,1TB,"6,850 ฿",134,https://www.jib.co.th/web/product/readProduct/56822
23,WD Blue SN5000 2TB,M.2 NVMe,2TB,"7,990 ฿",133,https://www.jib.co.th/web/product/readProduct/72816
24,Apacer AS350 Panther,SATA SSD,512GB,"2,450 ฿",123,https://www.jib.co.th/web/product/readProduct/63914
25,Kingston NV3 SNV3S/500G,M.2 NVMe,500GB,"3,590 ฿",115,https://www.jib.co.th/web/product/readProduct/70438
26,WD Red Plus WD60EFPX,HDD / NAS,6TB,"11,200 ฿",113,https://www.jib.co.th/web/product/readProduct/0000059296
27,HIKSEMI CITY E100 512G,SATA SSD,512GB,"2,690 ฿",112,https://www.jib.co.th/web/product/readProduct/0000065646
28,Samsung 9100 PRO 1TB,M.2 PCIe 5.0,1TB,"9,690 ฿",106,https://www.jib.co.th/web/product/readProduct/75341
29,Lexar NM620 256GB,M.2 NVMe,256GB,"2,450 ฿",105,https://www.jib.co.th/web/product/readProduct/0000066300
30,WD Black SN850X Heatsink,M.2 NVMe,2TB,"11,900 ฿",103,https://www.jib.co.th/web/product/readProduct/60373
31,WD Red Plus WD20EFPX,HDD / NAS,2TB,"6,090 ฿",101,https://www.jib.co.th/web/product/readProduct/60275
32,HIKSEMI WAVE(S) 1024G,SATA SSD,1TB,"4,990 ฿",100,https://www.jib.co.th/web/product/readProduct/59118
33,Samsung 990 EVO PLUS,M.2 NVMe,1TB,"7,290 ฿",99,https://www.jib.co.th/web/product/readProduct/72296
34,Lexar NM790,M.2 NVMe,1TB,"5,790 ฿",99,https://www.jib.co.th/web/product/readProduct/66281
35,WD Purple WD85PURZ,HDD,8TB,"14,900 ฿",99,https://www.jib.co.th/web/product/readProduct/0000066768
36,HIKSEMI WAVE(S) 256G,SATA SSD,256GB,"1,590 ฿",97,https://www.jib.co.th/web/product/readProduct/0000059116
37,WD Purple WD11PURZ,HDD,1TB,"3,550 ฿",94,https://www.jib.co.th/web/product/readProduct/64213
38,Lexar NM620 512GB,M.2 NVMe,512GB,"3,790 ฿",94,https://www.jib.co.th/web/product/readProduct/66304
39,WD Blue WD10EARZ,HDD,1TB,"3,590 ฿",89,https://www.jib.co.th/web/product/readProduct/0000070309
40,Lexar NM610 PRO,M.2 NVMe,1TB,"4,590 ฿",87,https://www.jib.co.th/web/product/readProduct/0000069271
41,Seagate IronWolf Pro ST4000NT001,HDD / NAS,4TB,"9,790 ฿",87,https://www.jib.co.th/web/product/readProduct/0000070230
42,Seagate IronWolf ST2000VN003,HDD / NAS,2TB,"5,750 ฿",84,https://www.jib.co.th/web/product/readProduct/58583
43,Seagate IronWolf Pro ST10000NT001,HDD / NAS,10TB,"18,900 ฿",82,https://www.jib.co.th/web/product/readProduct/60773
44,Lexar NM620 1TB,M.2 NVMe,1TB,"5,490 ฿",79,https://www.jib.co.th/web/product/readProduct/72531
45,Samsung 9100 PRO 2TB,M.2 PCIe 5.0,2TB,"19,500 ฿",78,https://www.jib.co.th/web/product/readProduct/75343
46,Seagate IronWolf Pro ST6000NT001,HDD / NAS,6TB,"12,900 ฿",74,https://www.jib.co.th/web/product/readProduct/58021
47,Kingston NV3 SNV3S/2000G,M.2 NVMe,2TB,"9,390 ฿",70,https://www.jib.co.th/web/product/readProduct/70440
48,Seagate IronWolf Pro ST20000NT001,HDD / NAS,20TB,"37,900 ฿",69,https://www.jib.co.th/web/product/readProduct/59295
49,Lexar NM610 PRO 500GB,M.2 NVMe,500GB,"3,490 ฿",66,https://www.jib.co.th/web/product/readProduct/70538
50,Lexar NM790 2TB,M.2 NVMe,2TB,"8,490 ฿",64,https://www.jib.co.th/web/product/readProduct/66289
