Brand,Model,Size_Inch,Panel,Resolution,Refresh_Rate_Hz,Response_Time_ms,Price_THB,Adaptive_Sync,HDR,Ports,VESA,Product_URL,Source,URL_Status,Last_Updated
ViewSonic,XG2409A,23.8,IPS,1920x1080,240,1,4300,"AMD FreeSync, G-Sync Compatible",No,"HDMI, DP",Yes,https://www.jib.co.th/web/product/readProduct/80796/58/Monitor--จอมอนิเตอร์--Viewsonic-XG2409A---23-8-Inch-IPS-FHD-240Hz-AMD-FreeSync-G-Sync-Compatible,JIB,Verified direct JIB product page,18/9/2026
ViewSonic,VA220A-H,21.5,VA,1920x1080,120,1,1850,No,No,"HDMI, VGA",Yes,https://www.jib.co.th/web/product/readProduct/80472/58/Monitor--จอมอนิเตอร์--Viewsonic-VA220A-H---21-5-Inch-VA-FHD-120Hz,JIB,Verified direct JIB product page,18/9/2026
LG,27U411A-B,27,IPS,1920x1080,120,1,2900,No,No,"HDMI, D-Sub",Yes,https://www.jib.co.th/web/product/readProduct/79646/58/Monitor--จอมอนิเตอร์--LG-27U411A-B---27-Inch-IPS-FHD-120Hz,JIB,Verified direct JIB product page,18/9/2026
Samsung,Odyssey OLED G5 G50SF LS27FG502SEXXT,27,OLED,2560x1440,180,0.03,9950,"AMD FreeSync, G-Sync Compatible",Yes,"HDMI, DP",Yes,https://www.jib.co.th/web/product/readProduct/80815/58/Monitor--จอมอนิเตอร์--Samsung-Odyssey-OLED-G5-G50SF-LS27FG502SEXXT---27-Inch-OLED-2K-180Hz-AMD-FreeSync-G-Sync-Compatible,JIB,Verified direct JIB product page,18/9/2026
Dahua,LM27-E231BN,27,IPS,1920x1080,200,0.5,3250,Adaptive Sync,No,"HDMI, DP",Yes,https://www.jib.co.th/web/product/readProduct/79005/58/Monitor--จอมอนิเตอร์--Dahua-LM27-E231BN---27-Inch-IPS-FHD-200Hz-Adaptive-Sync,JIB,Verified direct JIB product page,18/9/2026
ASUS,TUF Gaming VG27AQ5A,27,IPS,2560x1440,210,0.3,6900,FreeSync Premium,No,"HDMI, DP",Yes,https://www.jib.co.th/web/product/readProduct/77999/58/Monitor--จอมอนิเตอร์--Asus-TUF-Gaming-VG27AQ5A---27-Inch-IPS-2K-210Hz-AMD-FreeSync-Premium,JIB,Verified direct JIB product page,18/9/2026
AOC,U27G4/67,27,IPS,3840x2160,160,0.3,7400,Adaptive Sync,No,"HDMI, DP",Yes,https://www.jib.co.th/web/product/readProduct/77710/58/Monitor--จอมอนิเตอร์--AOC-U27G4-67---27-Inch-IPS-4K-160Hz-FHD-320Hz-Dual-Mode-Adaptive-Sync,JIB,Verified direct JIB product page,18/9/2026
Xiaomi,G27I 2026,27,IPS,1920x1080,200,1,4950,FreeSync Premium,HDR400,"HDMI, DP",Yes,https://www.jib.co.th/web/product/readProduct/81142/58/Monitor--จอมอนิเตอร์--Xiaomi-G27I-2026---27-Inch-IPS-FHD-200Hz-AMD-FreeSync-Premium,JIB,Verified direct JIB product page,18/9/2026
AOC,27B36X/67,27,IPS,1920x1080,144,0.5,3100,Adaptive Sync,HDR,"HDMI, DP",Yes,https://www.jib.co.th/web/product/readProduct/79824/58/Monitor--จอมอนิเตอร์--AOC-27B36X-67---27-Inch-IPS-FHD-144Hz-Adaptive-Sync,JIB,Verified direct JIB product page,18/9/2026
Acer,Nitro VG240YP6BMIPX,23.8,IPS,1920x1080,144,1,2550,AMD FreeSync,No,"HDMI, DP",Yes,https://www.jib.co.th/web/product/readProduct/79611/58/Monitor--จอมอนิเตอร์--Acer-Nitro-VG240YP6BMIPX---23-8-Inch-IPS-FHD-144Hz-AMD-FreeSync,JIB,Verified direct JIB product page,18/9/2026
LG,Ultragear 27G850A-B.ATM,27,IPS,3840x2160,240,1,24500,"FreeSync Premium Pro, G-Sync Compatible",Yes,"HDMI, DP",Yes,https://www.jib.co.th/web/product/readProduct/79121/58/Monitor--จอมอนิเตอร์--LG-Ultragear-27G850A-B-ATM---27-Inch-IPS-4K-240Hz-FHD-480Hz-Dual-Mode-AMD-FreeSync-Premium-Pro-Nvidia-G-Sync-Compatible,JIB,Verified direct JIB product page,18/9/2026
LG,Ultragear 27G440A-B,27,IPS,1920x1080,240,1,4500,"FreeSync Premium, G-Sync Compatible",No,"HDMI, DP",Yes,https://www.jib.co.th/web/product/readProduct/81531/58/Monitor--จอมอนิเตอร์--LG-Ultragear-27G440A-B---27-Inch-IPS-FHD-240Hz-AMD-FreeSync-Premium-G-Sync-Compatible,JIB,Verified direct JIB product page,18/9/2026
MSI,MAG 275QPF X30,27,Rapid IPS,2560x1440,300,0.5,6800,FreeSync Premium,No,"HDMI, DP",Yes,https://www.jib.co.th/web/product/readProduct/81524/58/Monitor--จอมอนิเตอร์--MSI-MAG-275QPF-X30---27-Inch-Rapid-IPS-2K-300Hz-AMD-FreeSync-Premium,JIB,Verified direct JIB product page,18/9/2026
MSI,Pro MP273 E14A,27,IPS,1920x1080,144,1,3350,AMD FreeSync,No,"HDMI, DP, VGA",Yes,https://www.jib.co.th/web/product/readProduct/81528/58/Monitor--จอมอนิเตอร์--MSI-Pro-MP273-E14A---27-Inch-IPS-FHD-144Hz-AMD-FreeSync,JIB,Verified direct JIB product page,18/9/2026
MSI,MAG 274QPF E20,27,IPS,2560x1440,200,0.5,5950,FreeSync Premium,No,"HDMI, DP, USB-C",Yes,https://www.jib.co.th/web/product/readProduct/81163/58/Monitor--จอมอนิเตอร์--MSI-MAG-274QPF-E20---27-Inch-IPS-2K-200Hz-AMD-FreeSync-Premium-USB-C,JIB,Verified direct JIB product page,18/9/2026
MSI,MAG 274QRFW E20,27,IPS,2560x1440,200,0.5,5950,Adaptive Sync,No,"HDMI, DP",Yes,https://www.jib.co.th/web/product/readProduct/81162/58/Monitor--จอมอนิเตอร์--MSI-MAG-274QRFW-E20---27-Inch-IPS-2K-200Hz-Adaptive-Sync,JIB,Verified direct JIB product page,18/9/2026
Samsung,Odyssey G7 G70F LS27FG702EEXXT,27,IPS,3840x2160,180,1,9900,"FreeSync Premium, G-Sync Compatible",HDR10,"HDMI, DP",Yes,https://www.jib.co.th/web/product/readProduct/80816/58/Monitor--จอมอนิเตอร์--Samsung-Odyssey-G7-G70F-LS27FG702EEXXT---27-Inch-IPS-4K-180Hz-FHD-360Hz-Dual-Mode-AMD-FreeSync-Premium-G-Sync-Compatible,JIB,Verified direct JIB product page,18/9/2026
LG,Ultragear 27G640A-B,27,IPS,2560x1440,300,1,7800,"FreeSync Premium, G-Sync Compatible",HDR400,"HDMI, DP, USB-C",Yes,https://www.jib.co.th/web/product/readProduct/80611/58/Monitor--จอมอนิเตอร์--LG-Ultragear-27G640A-B---27-Inch-IPS-2K-300Hz-AMD-FreeSync-Premium-G-Sync-Compatible-USB-C,JIB,Verified direct JIB product page,18/9/2026
Gigabyte,GS25F2A,24.5,IPS,1920x1080,240,1,3290,FreeSync Premium,No,"HDMI, DP",Yes,https://www.jib.co.th/web/product/readProduct/80542/58/Monitor--จอมอนิเตอร์--Gigabyte-GS25F2A---24-5-Inch-IPS-FHD-240Hz-AMD-Freesync-Premium,JIB,Verified direct JIB product page,18/9/2026
Acer,Predator X27XBMIIPRX,27,QD-OLED,3840x2160,240,0.03,18900,FreeSync Premium Pro,No,"HDMI, DP",Yes,https://www.jib.co.th/web/product/readProduct/80471/58/Monitor--จอมอนิเตอร์--Acer-Predator-X27XBMIIPRX---27-Inch-QD-OLED-4K-240Hz-AMD-FreeSync-Premium-Pro,JIB,Verified direct JIB product page,18/9/2026
Lenovo,Thinkvision S22-4E,21.5,IPS,1920x1080,100,4,3000,No,No,"HDMI, VGA",Yes,https://www.jib.co.th/web/product/readProduct/80415/58/Monitor--จอมอนิเตอร์--Lenovo-Thinkvision-S22-4E---21-5-Inch-IPS-FHD-100Hz-64CBKAR6TH,JIB,Verified direct JIB product page,18/9/2026
Dell,Pro 24 Adjustable Stand,23.8,IPS,1920x1080,100,5,3790,No,No,"HDMI, DP, VGA",Yes,https://www.jib.co.th/web/product/readProduct/79465/58/Monitor--จอมอนิเตอร์--Dell-Pro-24-Adjustable-Stand---23-8-Inch-IPS-FHD-100Hz-SNSE2425HSM,JIB,Verified direct JIB product page,18/9/2026
Dell,S2725QC,27,IPS,3840x2160,120,4,11500,FreeSync Premium,No,"HDMI, DP, USB-C",Yes,https://www.jib.co.th/web/product/readProduct/78060/58/Monitor--จอมอนิเตอร์--Dell-S2725QC---27-Inch-IPS-4K-120Hz-AMD-FreeSync-Premium-USB-C,JIB,Verified direct JIB product page,18/9/2026
MSI,MPG 271QR QD-OLED X50,26.5,QD-OLED,2560x1440,500,0.03,25900,G-Sync Compatible,No,"HDMI, DP, USB-C",Yes,https://www.jib.co.th/web/product/readProduct/80467/58/Monitor--จอมอนิเตอร์--MSI-MPG-271QR-QD-OLED-X50---26-5-Inch-QD-OLED-2K-500Hz-Nvidia-G-Sync-Compatible,JIB,Verified direct JIB product page,18/9/2026
MSI,MAG 272URDF E16,27,IPS,3840x2160,160,0.5,1090,Adaptive Sync,No,"HDMI, DP",Yes,https://www.jib.co.th/web/product/readProduct/79466/58/Monitor--จอมอนิเตอร์--MSI-MAG-272URDF-E16---27-Inch-IPS-4K-160Hz-FHD-320Hz-Dual-Mode-Adaptive-Sync,JIB,Verified direct JIB product page,18/9/2026
MSI,MPG 322URX QD-OLED,31.5,QD-OLED,3840x2160,240,0.03,33900,G-Sync Compatible,No,"HDMI, DP, USB-C",Yes,https://www.jib.co.th/web/product/readProduct/77943/58/MONITOR--จอมอนิเตอร์--MSI-MPG-322URX-QD-OLED---31-5-INCH-QD-OLED-4K-240Hz-G-SYNC-COMPATIBLE-USB-C,JIB,Verified direct JIB product page,18/9/2026
ASUS,ProArt Display PA278CGV,27,IPS,2560x1440,144,5,13400,FreeSync Premium,No,"HDMI, DP, USB-C",Yes,https://www.jib.co.th/web/product/readProduct/79425/58/Monitor--จอมอนิเตอร์--Asus-Proart-Display-PA278CGV---27-Inch-IPS-2K-144Hz-AMD-FreeSync-Premium-USB-C,JIB,Verified direct JIB product page,18/9/2026
ViewSonic,VA1650,15.6,IPS,1920x1080,60,7,3100,No,No,"HDMI, USB-C",Yes,https://www.jib.co.th/web/product/readProduct/79415/58/Portable-Monitor--จอมอนิเตอร์พกพา--Viewsonic-VA1650---15-6-Inch-IPS-FHD-60Hz,JIB,Verified direct JIB product page,18/9/2026
ViewSonic,VG3456,34.1,VA,3440x1440,60,5,12900,FreeSync,No,"HDMI, DP, USB-C",Yes,https://www.jib.co.th/web/product/readProduct/79388/58/Monitor--จอมอนิเตอร์--Viewsonic-VG3456---34-1-Inch-VA-2K-60Hz-AMD-FreeSync-USB-C,JIB,Verified direct JIB product page,18/9/2026
Lenovo,Legion 27-10,27,IPS,1920x1080,240,0.5,4190,FreeSync Premium,No,"HDMI, DP",Yes,https://www.jib.co.th/web/product/readProduct/79379/58/Monitor--จอมอนิเตอร์--Lenovo-Legion-27-10---27-Inch-IPS-FHD-240Hz-AMD-FreeSync-Premium,JIB,Verified direct JIB product page,18/9/2026
Xiaomi,A27UI,27,IPS,3840x2160,60,6,8150,No,No,"HDMI, DP, USB-C",Yes,https://www.jib.co.th/web/product/readProduct/78852/58/Monitor--จอมอนิเตอร์--Xiaomi-A27UI---27-Inch-IPS-4K-60Hz-USB-C-ELA6221EU,JIB,Verified direct JIB product page,18/9/2026
Gigabyte,G34WQC2,34,VA,3440x1440,200,1,8900,FreeSync Premium,No,"HDMI, DP",Yes,https://www.jib.co.th/web/product/readProduct/80544/58/Monitor--จอมอนิเตอร์--Gigabyte-G34Wqc2---34-Inch-Va-2K-200Hz-Amd-FreeSync-Premium-Curved,JIB,Verified direct JIB product page,18/9/2026
Gigabyte,GS27FC2,27,VA,1920x1080,240,1,3790,Adaptive Sync,No,"HDMI, DP",Yes,https://www.jib.co.th/web/product/readProduct/80234/58/Monitor--จอมอนิเตอร์--Gigabyte-GS27FC2---27-Inch-VA-FHD-240Hz-Adaptive-Sync-Curved,JIB,Verified direct JIB product page,18/9/2026
ASUS,ROG Strix XG248QSG ACE,24.1,Super TN,1920x1080,610,0.1,28900,"FreeSync Premium, G-Sync Compatible",No,"HDMI, DP",Yes,https://www.jib.co.th/web/product/readProduct/79426/58/Monitor--จอมอนิเตอร์--Asus-Rog-Strix-Xg248Qsg-Ace---24-1-Inch-Super-Tn-Fhd-610Hz-Amd-FreeSync-Premium-G-Sync-Compatible,JIB,Verified direct JIB product page,18/9/2026
ViewSonic,VA24G1-H,23.8,IPS,1920x1080,144,1,2350,No,No,"HDMI, DP",Yes,https://www.jib.co.th/web/product/readProduct/79420/58/Monitor--จอมอนิเตอร์--Viewsonic-VA24G1-H---23-8-Inch-IPS-FHD-144Hz,JIB,Verified direct JIB product page,18/9/2026
ViewSonic,VX2758A-2K-PRO-4,27,IPS,2560x1440,180,1,5200,"FreeSync, G-Sync Compatible",No,"HDMI, DP",Yes,https://www.jib.co.th/web/product/readProduct/79410/58/Monitor--จอมอนิเตอร์--Viewsonic-VX2758A-2K-PRO-4---27-Inch-IPS-2K-180Hz-AMD-FreeSync-Nvidia-G-Sync-Compatible,JIB,Verified direct JIB product page,18/9/2026
Samsung,M9 M90SF LS32FM902SEXXT,32,OLED,3840x2160,165,0.03,49900,"FreeSync Premium Pro, G-Sync Compatible",No,"HDMI, DP, USB-C",Yes,https://www.jib.co.th/web/product/readProduct/79308/58/Monitor--จอมอนิเตอร์--Samsung-M9-M90SF-LS32FM902SEXXT---32-Inch-OLED-4K-165Hz-AMD-FreeSync-Premium-Pro-Nvidia-G-Sync-Compatible,JIB,Verified direct JIB product page,18/9/2026
Dell,U3225QE,31.5,IPS,3840x2160,120,5,27500,No,No,"HDMI, DP, USB-C, Thunderbolt 4",Yes,https://www.jib.co.th/web/product/readProduct/79065/58/Monitor--จอมอนิเตอร์--Dell-U3225QE---31-5-Inch-IPS-4K-120Hz-USB-C-Thunderbolt-4,JIB,Verified direct JIB product page,18/9/2026
AOC,24G42E/67,23.8,IPS,1920x1080,180,1,3550,Adaptive Sync,HDR10,"HDMI, DP",Yes,https://www.jib.co.th/web/product/readProduct/79692/58/Monitor--จอมอนิเตอร์--AOC-24G42E-67---23-8-Inch-IPS-FHD-180Hz-Adaptive-Sync,JIB,Verified direct JIB product page,18/9/2026
MSI,MAG 245PF X24,23.8,IPS,1920x1080,240,0.5,3950,Adaptive Sync,No,"HDMI, DP",Yes,https://www.jib.co.th/web/product/readProduct/79820/58/Monitor--จอมอนิเตอร์--MSI-MAG-245PF-X24---23-8-Inch-IPS-FHD-240Hz-Adaptive-Sync,JIB,Verified direct JIB product page,18/9/2026
MSI,MAG 272UP QD-OLED X24,26.5,QD-OLED,3840x2160,240,0.03,31900,Adaptive Sync,No,"HDMI, DP, USB-C",Yes,https://www.jib.co.th/web/product/readProduct/78886/58/Monitor--จอมอนิเตอร์--MSI-MAG-272UP-QD-OLED-X24---26-5-Inch-QD-OLED-4K-240Hz-Adaptive-Sync-USB-C,JIB,Verified direct JIB product page,18/9/2026
Gigabyte,GS27QCA,27,VA,2560x1440,180,1,4550,FreeSync,No,"HDMI, DP",Yes,https://www.jib.co.th/web/product/readProduct/78662/58/Monitor--จอมอนิเตอร์--Gigabyte-Gs27Qca---27-Inch-Va-2K-180Hz-Amd-FreeSync-Curved,JIB,Verified direct JIB product page,18/9/2026
ASUS,TUF Gaming VG279QM5A,27,IPS,1920x1080,240,0.3,5500,"FreeSync Premium, G-Sync Compatible",No,"2x HDMI, DP",Yes,https://www.jib.co.th/web/product/readProduct/78294/58/Monitor--จอมอนิเตอร์--Asus-TUF-Gaming-VG279QM5A---27-Inch-IPS-FHD-240Hz-AMD-Freesync-Premium-Nvidia-G-Sync-Compatible,JIB,Verified direct JIB product page,18/9/2026
ASUS,VA249HG,23.8,IPS,1920x1080,120,1,3200,Adaptive Sync,No,"HDMI, DP",Yes,https://www.jib.co.th/web/product/readProduct/78106/58/Monitor--จอมอนิเตอร์--Asus-VA249HG---23-8-Inch-IPS-FHD-120Hz-Adaptive-Sync,JIB,Verified direct JIB product page,18/9/2026
Samsung,Smart Monitor M7 M70F LS32FM701UEXXT,32,VA,3840x2160,60,4,9900,No,No,"HDMI, USB-C",Yes,https://www.jib.co.th/web/product/readProduct/77665/58/Monitor--จอมอนิเตอร์--Samsung-Smart-Monitor-M7-M70F-LS32FM701UEXXT---32-Inch-VA-4K-60Hz-USB-C,JIB,Verified direct JIB product page,18/9/2026
ASUS,VA279HG-R,27,IPS,1920x1080,120,1,4200,Adaptive-Sync,No,"HDMI, DP",Yes,https://www.jib.co.th/web/product/readProduct/80927/58/Monitor--จอมอนิเตอร์--Asus-VA279HG-R---27-Inch-IPS-FHD-120Hz-Adaptive-Sync,JIB,Verified direct JIB product page,18/9/2026
ASUS,TUF Gaming VG32VQM5B,31.5,Fast VA,1920x1080,250,0.5,7250,FreeSync Premium,No,"HDMI, DP",Yes,https://www.jib.co.th/web/product/readProduct/80923/58/Monitor--จอมอนิเตอร์--Asus-TUF-Gaming-VG32VQM5B---31-5-Inch-Fast-VA-FHD-250Hz-OC-AMD-Freesync-Premium-Curved,JIB,Verified direct JIB product page,18/9/2026
ASUS,ProArt Display PA248QV GEN2,24.1,IPS,1920x1200,100,5,6250,Adaptive Sync,No,"HDMI, DP, USB-C",Yes,https://www.jib.co.th/web/product/readProduct/80739/58/Monitor--จอมอนิเตอร์--Asus-Proart-Display-PA248QV-GEN2-PA248QFV----24-1-Inch-IPS-WUXGA-100Hz-Adaptive-Sync,JIB,Verified direct JIB product page,18/9/2026
BenQ,PD2706U,27,IPS,3840x2160,60,5,19900,No,No,"HDMI, DP, USB-C",Yes,https://www.jib.co.th/web/product/readProduct/80250/58/Monitor--จอมอนิเตอร์--Benq-PD2706U---27-Inch-IPS-4K-60Hz-USB-C,JIB,Verified direct JIB product page,18/9/2026
Lenovo,Legion R24S,23.8,IPS,1920x1080,144,1,3150,No,No,"HDMI, DP",Yes,https://www.jib.co.th/web/product/readProduct/78855/58/Monitor--จอมอนิเตอร์--Lenovo-Legion-R24S---23-8-Inch-IPS-FHD-144Hz,JIB,Verified direct JIB product page,18/9/2026
